Unit_Name,Total_Crimes
Cyber Crime Police Station,952
Banaswadi PS,535
Rajagopal Nagar PS,496
K.R. Puram PS,478
North CEN Crime PS,476
Madanayakanahally PS,469
Peenya PS,461
Mahadevapura PS,446
South CEN Crime PS,445
Byadarahalli PS,445
NorthEast CEN Crime PS,436
Ramamurthy Nagar PS,433
SouthEast CEN Crime PS,418
West CEN Crime PS,416
H.A.L. PS,403
Kamakshipalya PS,403
Kadugondana Halli PS,378
Chintamani Rural PS,378
Channagiri PS,375
Athani PS,374
Hebbagodi PS,372
Nelamangala Traffic PS,368
Parappana Agrahara PS,367
Madivala PS,365
Mico Layout PS,361
Attibele PS,359
Hosakote PS,354
Whitefield PS,354
Ashoknagar PS,353
Subramanyapura PS,353
Kengeri PS,347
Challakere PS,345
Whitefield CEN Crime PS,344
Byatarayanapura  PS,341
Chitradurga Rural PS,340
Mudhol PS,339
Vijayanagar PS,333
Hosadurga PS,332
Hiriyur Rural PS,330
HSR Layout PS,326
Hennur PS,323
Yelahanka Traffic PS,323
Electronic City PS,321
Bellary Rural PS,316
Bagepalli PS,316
Soundatti PS,314
Vidyanagar PS,313
Chandra Layout PS,313
Chickmagalur Rural  PS,313
Kumaraswamy Layout PS,308
Marathahalli PS,308
Jeevan Bheemanagar PS,307
East CEN Crime PS,306
Bommanahalli PS,305
Koramangala PS,300
Doddaballapura Rural PS,300
Devarajeevanahalli PS,298
Avalahally PS,298
Srirampura PS,298
Central CEN Crime PS,297
Suryanagar PS,295
Byatrarayanapura Traffic PS,292
Gowribidanur Rural PS,292
Davanagere Rural PS,292
Bagalagunte PS,290
Yeshwanthapura PS,289
Channarayapatna Town PS,289
Hulimavu PS,283
Pulakeshinagar  PS,283
Nandini Layout PS,281
Konanakunte PS,280
Holalkere PS,279
Market PS,278
Halasur PS,277
Khanapur PS,276
Murgod PS,274
Basaveshwara Nagar PS,274
Jnanabharathi PS,271
Kadugodi PS,271
R.T. Nagar PS,271
Bellanduru PS,268
Channammanakere Achu Kattu PS,266
Belur PS,265
Soladevanahalli PS,263
Ranebennur Rural PS,262
Tarikere Town PS,260
Shidlagatta Rural PS,259
K.R.Puram Traffic PS,258
Kamakshipalya Traffic PS,258
Devanahalli Traffic PS,257
Kumaraswamy Layout Traffic PS,256
Chitradurga Town PS,255
Thalaghattapura PS,254
Girinagar PS,254
Bharamasagara PS,253
Yelahanka New Town PS,253
Jayaprakash Nagar PS,251
Raibag PS,250
Honnali PS,247
Jayanagar PS,247
Bailahongal PS,247
Hanumanthanagar PS,246
Bangarpet  PS,246
Peenya Traffic PS,244
Hebbal Traffic PS,244
Alur PS,242
Suddaguntepalya PS,242
Arakalagud PS,241
Gadag Rural PS,238
Sarjapura PS,237
Siruguppa PS,237
Vidyaranyapura PS,237
Nelamangala Rural PS,234
Banashankari PS,234
Kodigehalli PS,234
Chikkodi PS,234
Mahalakshmipuram PS,233
Ajjampura PS,233
APMC Yard PS,233
Rajajinagar Traffic PS,232
Varthur PS,231
Indiranagar PS,231
Rajarajeshwari Nagar PS,231
Cottonpet PS,230
Yelahanka PS,230
Adugodi PS,227
Hassan Rural PS,227
Halebeedu PS,226
Yamakanmardi PS,225
Annapoorneshwari Nagar PS,225
Hassan Traffic PS,223
Gudibande PS,223
Manchenalli PS,222
Anekal PS,222
Sampigehalli PS,221
Konanur PS,220
Kakati PS,220
Cowlbazar PS,219
Hiriyur Town PS,219
Kadur PS,218
Chamarajanagar East PS,218
Dharwad Rural PS,217
Dobbespet PS,217
Thilaknagar PS,215
Ghataprabha PS,214
Chickmagalur Town PS,214
Jewargi PS,212
Halasurgate PS,212
Sanjay Nagar PS,211
Sankeshwar PS,211
Upparpet PS,210
Afzalpur PS,210
Hubli Rural PS,209
Malleshwaram Traffic PS,209
Byappanahalli PS,208
Davanagere Extention PS,207
Chikkajala Traffic PS,207
Kalaghatagi PS,206
Subramanyanagar PS,206
Magadi Road PS,205
Hassan Extn. PS,205
Kollegala Rural  PS,204
Hebbal PS,204
Chamarajanagar Rural PS,204
Puttenahalli PS,203
Sakaleshpura Town PS,203
Chintamani Town PS,202
Bagalkot Rural PS,199
Bagalur PS,198
Nandagudi PS,198
Bhalki Town PS,198
Yeshwanthapura Traffic PS,197
Jayanagar Traffic PS,196
Siddapura PS,195
Kittur PS,195
Rajanukunte PS,195
Whitefield Traffic PS,194
Kurugod PS,193
Holenarasipura Town PS,193
Humnabad PS,192
Hassan City PS,192
Banashankari Traffic PS,190
Chickballapura Rural PS,190
Amruthahally PS,188
Gokak Rural PS,188
R.M.C. Yard PS,187
Jagajeevanram Nagar PS,187
KTJ Nagar PS,186
Hanagal PS,186
Jagalur PS,186
Gowribidanur Town PS,185
Nelamangala Town PS,184
Kothanur PS,183
Kalasipalya PS,182
Jigani PS,182
Bannerghatta PS,181
Brucepet PS,181
Nargund PS,179
Begur PS,177
Basavanagudi PS,176
Vijayanagar Traffic PS,176
Mundargi PS,174
Viveknagar PS,174
Dharwad Sub-Urban PS,173
Harihara Rural PS,173
Electronic City Traffic PS,173
Kerur PS,172
Sakaleshpura Rural PS,172
Beguru PS,172
Chamarajpet PS,172
Gajendragad PS,171
Katkol PS,171
Belagavi Rural PS,171
City Market PS,170
Vidyagiri PS,170
City Market Traffic PS,169
Old Hubballi PS,168
Malebennur PS,168
Kempapura Agrahara PS,167
Channarayapatna Rural PS,166
Alland PS,165
Basava Kalyana Town PS,165
Ramadurga PS,164
Navalgund PS,164
Banasawadi Traffic PS,163
Kagwad PS,162
Chikkajajur PS,162
Rajajinagar PS,162
Adur PS,162
Ron PS,162
Harihara Town PS,160
Arasikere Town PS,160
Bilagi PS,159
Shirahatti PS,159
R.T.Nagar Traffic PS,159
Kollegala Town PS,158
Chitradurga Kote PS,157
Nyamathi PS,157
Nelogi PS,157
Malleshwaram PS,157
Gokak Town PS,157
Byadagi PS,156
Vijayapura PS,156
Badami PS,156
Sakkaraya Patna PS,155
Hungunda PS,155
Kengeri Traffic PS,154
Basavanagudi Traffic PS,154
Mudalgi PS,151
Cubbon Park PS,150
V V Puram Traffic PS,150
Wilsongarden PS,150
Bantwala Town PS,149
Gandhi Gunj PS,149
Gandasi PS,149
Shanthigrama PS,149
Haveri Rural PS,148
Aldur PS,147
Vitla PS,147
Bandepalya PS,147
Bharathi Nagar PS,147
Hanur PS,146
New Town PS,145
Ranebennur Town PS,145
Harugeri PS,144
Turuvanur (Jogi) PS,143
Dhannura PS,143
Chickpet Traffic PS,143
Chincholi PS,143
Sandur PS,143
Bilichodu PS,141
Molakalmuru PS,141
Doddaballapura Town PS,141
Upparpet Traffic PS,140
Gundlupete  PS,140
Sadalaga PS,140
Savanoor PS,140
Chitaguppa PS,140
Belthangadi PS,140
Banavara PS,139
Uppinangadi PS,139
Nandagad PS,139
Abbinahole PS,139
Marihal PS,138
Vishveshwarapuram PS,138
Shravanabelagola PS,137
Hadadi PS,137
Chickballapura Town PS,137
J.C. Nagar PS,137
Airport Traffic PS,137
Doddabelavangala PS,137
Shiggaon PS,137
Kudachi PS,136
Dharwad Town PS,136
Wilsongarden Traffic PS,135
Ramapura PS,135
Birur PS,134
Imangala PS,134
CEN Crime PS Hubballi Dharwad City,134
Hubballi Sub Urban PS,134
Gandhinagar PS,133
Kampli  PS,133
Nandi Giridhama PS,132
Hirekerur  PS,132
Arasikere Rural PS,132
Commercial Street PS,132
Santhebennur PS,132
Hansabhavi PS,132
Vyalikaval PS,132
Belgaum North Traffic PS,132
Kulgod PS,132
Malamaruthi PS,131
Mudigere PS,131
Bethamangala PS,131
Pension Mohalla PS,130
Jamakhandi Rural PS,130
Navanagara PS,130
Hukkeri PS,130
Kundagol PS,129
Banahatti PS,129
Jamakhandi Town PS,128
Garag PS,128
Robertsonpet  PS,128
Jalahalli Traffic PS,128
Bhalki Rural PS,127
High Grounds PS,127
Keshavapur PS,127
Dibburahalli PS,126
Chikkajala PS,126
Vishwanathapura PS,126
Terakanambi PS,126
Gadag Town PS,126
Lakshmeshwar PS,126
Bantwala Rural PS,125
Hirisave PS,125
Thalak  PS,124
Puttur Traffic PS,124
Bellary Traffic PS,124
Halageri PS,124
Aigali PS,124
Davanagere Women PS,124
Amengad PS,123
Haveri Town PS,122
Guttal PS,122
Nippani Rural PS,122
Ilakal PS,121
Bankapura PS,121
Aurad PS,121
Basavanahalli  PS,121
Nayakanhatti PS,121
Javagal PS,120
Hubballi Town PS,120
Channarayapatna Traffic PS,120
Kempegowda Nagar PS,120
Annigeri PS,119
Nuggehalli PS,119
Basavanagudi Women PS,119
Hallikhed PS,119
Manna Ekhelli PS,118
Basavapatna PS,118
East Zone Women PS,118
Goruru PS,118
Sadashivanagar PS,118
Basava Kalyana Rural PS,118
Gangammana Gudi PS,117
Moka PS,116
Devanahalli PS,116
Dudda PS,116
Kamalanagar PS,116
Jeevan Bhima Nagar (Indiranagar) Traffic  PS,116
Yelandur  PS,116
Madivala Traffic PS,116
Arehalli PS,115
Kuduthini PS,115
Bantwala Traffic PS,115
Rattihalli PS,114
Chamarajanagar Town PS,114
Lokapur PS,114
Hulimavu Traffic PS,114
Narona PS,114
Sadashivanagar Traffic PS,114
Shivajinagar PS,114
N.R. Pura PS,113
Lingadahalli PS,112
Parasurampura PS,111
Holenarasipura Rural PS,111
Thyamagondlu PS,111
Bagewadi PS,111
Chitradurga Traffic PS,110
Yeslur PS,110
Davanagere South Traffic PS,109
High Grounds Traffic PS,109
Kencharlahalli PS,109
Mayakonda PS,108
Halasur Traffic PS,108
Puttur Rural PS,107
Shidlaghatta Town PS,107
Sullia PS,107
Thoranagal PS,107
Thirumalashettahalli PS,106
Sedam PS,106
Ballari Women PS,105
Rampura PS,105
Chitrahalli Gate PS,105
Chittapura PS,105
Puttur Town PS,105
Madbool PS,105
Magadi Road Traffic PS,105
Adugodi Traffic PS,104
Hubballi North Traffic PS,103
S.J. Park PS,103
Betageri  PS,103
Humnabad Traffic PS,101
Seshadripuram PS,101
Hallymysore PS,101
Chickmagalur Traffic PS,100
Sirigeri PS,100
Manthala PS,99
Andersonpet  PS,99
Ashoknagar Traffic PS,99
Devalagangapur PS,99
Azad Nagar PS,98
Dharmasthala PS,98
Alnavar PS,97
Lakkavalli PS,97
Anugondanahalli PS,97
Nesargi PS,97
Bidar Traffic PS,96
Sampangiramanagar PS,96
Belgaum South Traffic PS,96
Kasabapeth PS,96
Janwada PS,96
Nippani Town PS,95
Kamasamudram PS,95
Tekkalkota PS,95
Bengaluru CEN Crime PS,94
Mico Layout Traffic PS,94
Banakal  PS,94
Basavanagara PS,94
Tadas PS,94
Pulakeshinagar Traffic PS,93
Sulibele PS,93
Mahalingapur PS,92
Kaginele PS,92
Ankali PS,92
Balehonnur PS,91
Dharwad Traffic PS,90
Mehakar PS,89
Savalgi PS,88
Camp PS,88
Kadaba PS,88
Nimbarga PS,88
Khataka Chincholi PS,88
Shahapura PS,88
Naregal PS,87
Mahagoan PS,86
Kumarapattanam PS,86
Khadebazar PS,86
Tilakwadi PS,86
HSR Lay Out Traffic PS,86
Basava Kalyana Traffic PS,85
Chitradurga Extension PS,85
Koppa  PS,85
Chennarayapatana PS,85
Bendigeri PS,84
APMC Navanagar,84
BIAL PS,84
Cubbonpark Traffic PS,83
Batlahalli PS,83
Ilakal Rural PS,83
Bidar Rural PS,82
Udyambag PS,82
Gokul Road PS,82
Guledagudda PS,82
Bagdal PS,82
Gandhi Nagar PS,82
Govindapura PS,81
Chikkaballapura Women PS,81
Punjalkatte PS,81
Hassan Women PS,81
Santhapur PS,81
Gonibeedu PS,81
Hulsoor PS,80
Mulagund PS,80
Shivajinagar Traffic PS,79
Kamalapur PS,79
Chelur PS,79
Kushnoor PS,78
Mudbi PS,78
Kuderu PS,78
Patapalya PS,78
Jalahalli PS,77
Ratkal PS,76
Kaladagi PS,76
Halasur Gate Traffic PS,75
Doddawad PS,75
Venoor PS,74
Bidar Town PS,73
Sringeri  PS,73
Bagalkot Town PS,73
Mannalli PS,73
Malkhed PS,71
Belthangadi Traffic PS,70
Basaweshwar Chowk PS,70
HD City Women PS,70
P.D. Halli PS,70
Chamarajanagar Traffic PS,69
Govindaraja Nagar PS,69
Subramanya PS,68
Chitradurga CEN Crime PS,68
Belagavi City Women PS,68
Kalasa PS,68
Yagati PS,68
Hubballi South Traffic PS,68
Bellare PS,66
Betageri Extention PS,66
Ankalgi PS,66
Khadakalat PS,66
Kalagi PS,65
Hatcholli PS,65
Teradal PS,64
Hokrana PS,64
BEML Nagar PS,64
Revoor PS,64
Santemaralli PS,64
Chickballapura Traffic PS,63
Chitradurga Women PS,63
Balur  PS,63
Chickmagalur Women PS,61
Gudageri PS,58
RMC Yard PS,57
Chikkodi Town Traffic PS,57
Chintaki PS,57
Madanahipparga PS,57
Hubballi East Traffic PS,55
Bemalkhed PS,55
Davanagere CEN Crime PS,55
Vidhana Soudha PS,55
Miryan PS,54
Bagalkot Traffic PS,52
Panchanahalli PS,52
Chickaballapura CEN Crime PS,51
Oorgaum PS,51
Jayapura PS,51
Ranebennur Traffic PS,50
Mallanduru PS,50
Chickmagalur CEN Crime PS,50
Gadiganur PS,49
K G Halli Traffic PS,48
Peresandra PS,47
Bidar Women PS,46
Ghantikeri PS,46
Kalaburagi Women PS,45
Mambali PS,44
Belagavi City CEN Crime PS,43
M.M. Hills PS,41
Davangere North Traffic PS,39
Bengaluru Dist Women PS,39
Haveri CEN Crime PS,38
Singatagere PS,38
Shankarpura PS,38
Hassan CEN Crime PS,37
KGF CEN Crime PS,34
Marikuppam  PS,34
Airport PS,33
Hariharapura PS,33
Gadag CEN Crime PS,33
Ballari CEN Crime PS,32
Hosakote Traffic PS,32
Kamaripeth PS,32
Haveri Women PS,31
Thalaghattapura Traffic PS,31
Haveri Traffic PS,30
Champion Reefs  PS,30
Chamarajanagar CEN Crime PS,29
Hosahalli PS,28
Mahadevapura Traffic PS,28
Kurakunta PS,24
Choranuru PS,24
Gadag Traffic PS,24
Budikote PS,24
Kunchavaram PS,23
Belagavi CEN Crime PS,23
Kyasamballi PS,21
Bellanduru Traffic PS,20
Hennur Traffic PS,20
Dharwad Women PS,19
DK Women PS,19
Dharwad CEN Crime PS,19
Chamrajanagar Women ps,19
Kuduremukh PS,17
Bagalkot CEN Crime PS,15
Cyber Crime Police Station CID,14
Bagalkot Women PS,14
Thyagarajanagar PS,13
ISD PS,12
Kalaburagi CEN Crime PS,11
Bidar CEN Crime PS,11
Hulagur PS,10
DK CEN Crime PS,10
Jnanabharathi Traffic PS,8
Gadag Women PS,7
Chickpet PS,7
Coastal Security Police Mangaluru,5
Coastal Security Police Kumta,4
Coastal Security Police Gangolli,3
Coastal Security Police Karwar,2
CCPS Central Range Bengaluru City,2
E and N Crime PS HD city,2
Coastal Security Police Honnavar,2
West Women PS,1
Bowring Hospital PS,1
Chickabanavara Traffic PS,1
Coastal Security Police Belekeri,1
Coastal Security Police Bhatkal,1
Coastal Security Police Malpe,1
Coastal Security Police Hejamady,1
